,rlts,pmc,dag
0,0.6352601156069364,0.892485549132948,0.6485549132947976
1,0.8125,1.0,0.6875
2,1.0,1.0,1.0
3,1.0,1.0,1.0
4,1.0,1.0,1.0
5,0.5766871165644172,0.8343558282208589,0.5460122699386503
6,0.75,0.8365384615384616,0.7019230769230769
7,1.0,1.0,1.0
8,1.0,1.0,1.0
9,1.0,1.0,1.0
