,rlts,pmc,dag
0,0.4107142857142857,0.44642857142857145,0.32142857142857145